[{"model": "admin.logentry", "pk": 1, "fields": {"action_time": "2022-09-12T12:15:10.855Z", "user": 1, "content_type": 7, "object_id": "1", "object_repr": "grzeneli@gmail.com", "action_flag": 2, "change_message": "[{\"changed\": {\"fields\": [\"Phone number\"]}}]"}}, {"model": "admin.logentry", "pk": 2, "fields": {"action_time": "2022-09-12T14:18:46.197Z", "user": 1, "content_type": 6, "object_id": "1", "object_repr": "Shirts", "action_flag": 1, "change_message": "[{\"added\": {}}]"}}, {"model": "admin.logentry", "pk": 3, "fields": {"action_time": "2022-09-12T14:26:52.062Z", "user": 1, "content_type": 6, "object_id": "2", "object_repr": "Shoes", "action_flag": 1, "change_message": "[{\"added\": {}}]"}}, {"model": "admin.logentry", "pk": 4, "fields": {"action_time": "2022-09-12T14:28:05.838Z", "user": 1, "content_type": 6, "object_id": "2", "object_repr": "Shoes", "action_flag": 2, "change_message": "[]"}}, {"model": "admin.logentry", "pk": 5, "fields": {"action_time": "2022-09-12T14:28:28.698Z", "user": 1, "content_type": 6, "object_id": "3", "object_repr": "Jeans", "action_flag": 1, "change_message": "[{\"added\": {}}]"}}, {"model": "admin.logentry", "pk": 6, "fields": {"action_time": "2022-09-12T14:29:08.092Z", "user": 1, "content_type": 6, "object_id": "4", "object_repr": "Jackets", "action_flag": 1, "change_message": "[{\"added\": {}}]"}}, {"model": "admin.logentry", "pk": 7, "fields": {"action_time": "2022-09-13T08:12:40.948Z", "user": 1, "content_type": 8, "object_id": "1", "object_repr": "shoe12-1", "action_flag": 1, "change_message": "[{\"added\": {}}]"}}, {"model": "admin.logentry", "pk": 8, "fields": {"action_time": "2022-09-13T08:17:09.470Z", "user": 1, "content_type": 6, "object_id": "1", "object_repr": "Accessories", "action_flag": 2, "change_message": "[{\"changed\": {\"fields\": [\"Category name\", \"Slug\", \"Description\"]}}]"}}, {"model": "admin.logentry", "pk": 9, "fields": {"action_time": "2022-09-13T08:17:24.419Z", "user": 1, "content_type": 6, "object_id": "4", "object_repr": "Jackets", "action_flag": 3, "change_message": ""}}, {"model": "admin.logentry", "pk": 10, "fields": {"action_time": "2022-09-13T08:17:42.391Z", "user": 1, "content_type": 6, "object_id": "3", "object_repr": "Clothes", "action_flag": 2, "change_message": "[{\"changed\": {\"fields\": [\"Category name\", \"Slug\"]}}]"}}, {"model": "admin.logentry", "pk": 11, "fields": {"action_time": "2022-09-13T08:18:25.419Z", "user": 1, "content_type": 8, "object_id": "2", "object_repr": "Blue T-Shirt", "action_flag": 1, "change_message": "[{\"added\": {}}]"}}, {"model": "admin.logentry", "pk": 12, "fields": {"action_time": "2022-09-13T08:19:20.322Z", "user": 1, "content_type": 8, "object_id": "3", "object_repr": "Brown Jacket", "action_flag": 1, "change_message": "[{\"added\": {}}]"}}, {"model": "admin.logentry", "pk": 13, "fields": {"action_time": "2022-09-13T08:19:50.583Z", "user": 1, "content_type": 8, "object_id": "4", "object_repr": "Short Jeans", "action_flag": 1, "change_message": "[{\"added\": {}}]"}}, {"model": "admin.logentry", "pk": 14, "fields": {"action_time": "2022-09-13T08:20:25.281Z", "user": 1, "content_type": 8, "object_id": "5", "object_repr": "School Backpack", "action_flag": 1, "change_message": "[{\"added\": {}}]"}}, {"model": "admin.logentry", "pk": 15, "fields": {"action_time": "2022-09-13T08:22:10.929Z", "user": 1, "content_type": 8, "object_id": "6", "object_repr": "Smart Watch", "action_flag": 1, "change_message": "[{\"added\": {}}]"}}, {"model": "admin.logentry", "pk": 16, "fields": {"action_time": "2022-09-13T18:42:27.057Z", "user": 1, "content_type": 8, "object_id": "1", "object_repr": "shoe12-1", "action_flag": 2, "change_message": "[{\"changed\": {\"fields\": [\"Stock\"]}}]"}}, {"model": "admin.logentry", "pk": 17, "fields": {"action_time": "2022-09-14T14:03:26.885Z", "user": 1, "content_type": 8, "object_id": "7", "object_repr": "Camera", "action_flag": 1, "change_message": "[{\"added\": {}}]"}}, {"model": "admin.logentry", "pk": 18, "fields": {"action_time": "2022-09-14T14:04:29.423Z", "user": 1, "content_type": 8, "object_id": "8", "object_repr": "Black Headphones", "action_flag": 1, "change_message": "[{\"added\": {}}]"}}, {"model": "admin.logentry", "pk": 19, "fields": {"action_time": "2022-09-14T14:04:57.972Z", "user": 1, "content_type": 8, "object_id": "9", "object_repr": "White Headphones", "action_flag": 1, "change_message": "[{\"added\": {}}]"}}, {"model": "admin.logentry", "pk": 20, "fields": {"action_time": "2022-09-14T18:00:06.923Z", "user": 1, "content_type": 8, "object_id": "8", "object_repr": "Black Headphones", "action_flag": 2, "change_message": "[{\"changed\": {\"fields\": [\"Description\"]}}]"}}, {"model": "admin.logentry", "pk": 21, "fields": {"action_time": "2022-09-14T18:00:24.521Z", "user": 1, "content_type": 8, "object_id": "3", "object_repr": "Brown Jacket", "action_flag": 2, "change_message": "[{\"changed\": {\"fields\": [\"Description\"]}}]"}}, {"model": "admin.logentry", "pk": 22, "fields": {"action_time": "2022-09-15T08:59:15.242Z", "user": 1, "content_type": 11, "object_id": "1", "object_repr": "Variation object (1)", "action_flag": 1, "change_message": "[{\"added\": {}}]"}}, {"model": "admin.logentry", "pk": 23, "fields": {"action_time": "2022-09-15T08:59:31.912Z", "user": 1, "content_type": 11, "object_id": "1", "object_repr": "Variation object (1)", "action_flag": 2, "change_message": "[]"}}, {"model": "admin.logentry", "pk": 24, "fields": {"action_time": "2022-09-15T08:59:51.592Z", "user": 1, "content_type": 11, "object_id": "2", "object_repr": "Variation object (2)", "action_flag": 1, "change_message": "[{\"added\": {}}]"}}, {"model": "admin.logentry", "pk": 25, "fields": {"action_time": "2022-09-15T09:00:01.394Z", "user": 1, "content_type": 11, "object_id": "3", "object_repr": "Variation object (3)", "action_flag": 1, "change_message": "[{\"added\": {}}]"}}, {"model": "admin.logentry", "pk": 26, "fields": {"action_time": "2022-09-15T09:00:11.070Z", "user": 1, "content_type": 11, "object_id": "4", "object_repr": "Variation object (4)", "action_flag": 1, "change_message": "[{\"added\": {}}]"}}, {"model": "admin.logentry", "pk": 27, "fields": {"action_time": "2022-09-15T09:00:21.309Z", "user": 1, "content_type": 11, "object_id": "5", "object_repr": "Variation object (5)", "action_flag": 1, "change_message": "[{\"added\": {}}]"}}, {"model": "admin.logentry", "pk": 28, "fields": {"action_time": "2022-09-15T09:05:53.501Z", "user": 1, "content_type": 11, "object_id": "2", "object_repr": "Variation object (2)", "action_flag": 2, "change_message": "[{\"changed\": {\"fields\": [\"Is active\"]}}]"}}, {"model": "admin.logentry", "pk": 29, "fields": {"action_time": "2022-09-15T09:16:04.072Z", "user": 1, "content_type": 11, "object_id": "5", "object_repr": "Variation object (5)", "action_flag": 3, "change_message": ""}}, {"model": "admin.logentry", "pk": 30, "fields": {"action_time": "2022-09-15T09:16:04.123Z", "user": 1, "content_type": 11, "object_id": "4", "object_repr": "Variation object (4)", "action_flag": 3, "change_message": ""}}, {"model": "admin.logentry", "pk": 31, "fields": {"action_time": "2022-09-15T10:10:08.136Z", "user": 1, "content_type": 11, "object_id": "6", "object_repr": "Variation object (6)", "action_flag": 1, "change_message": "[{\"added\": {}}]"}}, {"model": "admin.logentry", "pk": 32, "fields": {"action_time": "2022-09-15T12:51:02.473Z", "user": 1, "content_type": 11, "object_id": "7", "object_repr": "black", "action_flag": 1, "change_message": "[{\"added\": {}}]"}}, {"model": "admin.logentry", "pk": 33, "fields": {"action_time": "2022-09-15T12:51:12.039Z", "user": 1, "content_type": 11, "object_id": "8", "object_repr": "gray", "action_flag": 1, "change_message": "[{\"added\": {}}]"}}, {"model": "admin.logentry", "pk": 34, "fields": {"action_time": "2022-09-15T12:51:20.389Z", "user": 1, "content_type": 11, "object_id": "9", "object_repr": "white", "action_flag": 1, "change_message": "[{\"added\": {}}]"}}, {"model": "admin.logentry", "pk": 35, "fields": {"action_time": "2022-09-15T12:51:37.989Z", "user": 1, "content_type": 11, "object_id": "10", "object_repr": "39", "action_flag": 1, "change_message": "[{\"added\": {}}]"}}, {"model": "admin.logentry", "pk": 36, "fields": {"action_time": "2022-09-15T12:51:45.815Z", "user": 1, "content_type": 11, "object_id": "11", "object_repr": "40", "action_flag": 1, "change_message": "[{\"added\": {}}]"}}, {"model": "admin.logentry", "pk": 37, "fields": {"action_time": "2022-09-15T12:51:55.447Z", "user": 1, "content_type": 11, "object_id": "12", "object_repr": "41", "action_flag": 1, "change_message": "[{\"added\": {}}]"}}, {"model": "admin.logentry", "pk": 38, "fields": {"action_time": "2022-09-15T12:52:03.039Z", "user": 1, "content_type": 11, "object_id": "13", "object_repr": "42", "action_flag": 1, "change_message": "[{\"added\": {}}]"}}, {"model": "admin.logentry", "pk": 39, "fields": {"action_time": "2022-09-15T12:52:11.776Z", "user": 1, "content_type": 11, "object_id": "2", "object_repr": "green", "action_flag": 2, "change_message": "[{\"changed\": {\"fields\": [\"Is active\"]}}]"}}, {"model": "admin.logentry", "pk": 40, "fields": {"action_time": "2022-09-15T12:52:45.015Z", "user": 1, "content_type": 8, "object_id": "1", "object_repr": "shoe12-1", "action_flag": 2, "change_message": "[{\"changed\": {\"fields\": [\"Stock\"]}}]"}}, {"model": "admin.logentry", "pk": 41, "fields": {"action_time": "2022-09-17T10:39:43.509Z", "user": 1, "content_type": 7, "object_id": "6", "object_repr": "testuser3@gmail.com", "action_flag": 3, "change_message": ""}}, {"model": "admin.logentry", "pk": 42, "fields": {"action_time": "2022-09-17T10:39:43.522Z", "user": 1, "content_type": 7, "object_id": "5", "object_repr": "testuser2@gmail.com", "action_flag": 3, "change_message": ""}}, {"model": "admin.logentry", "pk": 43, "fields": {"action_time": "2022-09-17T14:33:45.583Z", "user": 1, "content_type": 7, "object_id": "2", "object_repr": "geraldzeneli@yahoo.it", "action_flag": 2, "change_message": "[{\"changed\": {\"fields\": [\"Is active\"]}}]"}}, {"model": "admin.logentry", "pk": 44, "fields": {"action_time": "2022-09-17T14:34:21.466Z", "user": 1, "content_type": 7, "object_id": "2", "object_repr": "geraldzeneli@yahoo.it", "action_flag": 2, "change_message": "[{\"changed\": {\"fields\": [\"Is admin\", \"Is staff\", \"Is superadmin\"]}}]"}}, {"model": "admin.logentry", "pk": 46, "fields": {"action_time": "2022-09-17T14:57:41.172Z", "user": 1, "content_type": 7, "object_id": "9", "object_repr": "testuser4@gmail.com", "action_flag": 3, "change_message": ""}}, {"model": "admin.logentry", "pk": 47, "fields": {"action_time": "2022-09-17T14:57:41.186Z", "user": 1, "content_type": 7, "object_id": "8", "object_repr": "testuser2@gmail.com", "action_flag": 3, "change_message": ""}}, {"model": "admin.logentry", "pk": 48, "fields": {"action_time": "2022-09-17T14:57:41.200Z", "user": 1, "content_type": 7, "object_id": "7", "object_repr": "testuser3@gmail.com", "action_flag": 3, "change_message": ""}}, {"model": "admin.logentry", "pk": 49, "fields": {"action_time": "2022-09-17T14:57:41.216Z", "user": 1, "content_type": 7, "object_id": "4", "object_repr": "testuser1@gmail.com", "action_flag": 3, "change_message": ""}}, {"model": "admin.logentry", "pk": 50, "fields": {"action_time": "2022-09-17T14:57:41.229Z", "user": 1, "content_type": 7, "object_id": "3", "object_repr": "testuser@gmail.com", "action_flag": 3, "change_message": ""}}, {"model": "admin.logentry", "pk": 51, "fields": {"action_time": "2022-09-17T16:08:07.803Z", "user": 1, "content_type": 7, "object_id": "11", "object_repr": "testuser2@gmail.com", "action_flag": 3, "change_message": ""}}, {"model": "admin.logentry", "pk": 52, "fields": {"action_time": "2022-09-17T16:08:07.854Z", "user": 1, "content_type": 7, "object_id": "10", "object_repr": "testuser1@gmail.com", "action_flag": 3, "change_message": ""}}, {"model": "admin.logentry", "pk": 53, "fields": {"action_time": "2022-09-17T16:08:07.873Z", "user": 1, "content_type": 7, "object_id": "2", "object_repr": "geraldzeneli@yahoo.it", "action_flag": 3, "change_message": ""}}, {"model": "admin.logentry", "pk": 54, "fields": {"action_time": "2022-09-17T16:41:54.627Z", "user": 1, "content_type": 7, "object_id": "12", "object_repr": "geraldzeneli@yahoo.it", "action_flag": 3, "change_message": ""}}, {"model": "admin.logentry", "pk": 55, "fields": {"action_time": "2022-09-17T16:48:22.643Z", "user": 1, "content_type": 7, "object_id": "13", "object_repr": "geraldzeneli@yahoo.it", "action_flag": 2, "change_message": "[{\"changed\": {\"fields\": [\"Is active\"]}}]"}}, {"model": "admin.logentry", "pk": 56, "fields": {"action_time": "2022-09-17T17:16:58.457Z", "user": 1, "content_type": 7, "object_id": "14", "object_repr": "testuser1@gmail.com", "action_flag": 3, "change_message": ""}}, {"model": "admin.logentry", "pk": 57, "fields": {"action_time": "2022-09-17T17:16:58.508Z", "user": 1, "content_type": 7, "object_id": "13", "object_repr": "geraldzeneli@yahoo.it", "action_flag": 3, "change_message": ""}}, {"model": "admin.logentry", "pk": 58, "fields": {"action_time": "2022-09-18T18:16:45.200Z", "user": 1, "content_type": 10, "object_id": "20", "object_repr": "CartItem object (20)", "action_flag": 3, "change_message": ""}}, {"model": "admin.logentry", "pk": 59, "fields": {"action_time": "2022-09-18T18:29:50.057Z", "user": 1, "content_type": 9, "object_id": "2", "object_repr": "rs1kre6lh5jbj5606dhf65nyb2sg5moh", "action_flag": 3, "change_message": ""}}, {"model": "admin.logentry", "pk": 60, "fields": {"action_time": "2022-09-18T18:29:50.108Z", "user": 1, "content_type": 9, "object_id": "1", "object_repr": "2lxvog3vvf8f79yycjxb705l0y1swy7n", "action_flag": 3, "change_message": ""}}, {"model": "admin.logentry", "pk": 61, "fields": {"action_time": "2022-09-20T07:36:41.714Z", "user": 1, "content_type": 8, "object_id": "1", "object_repr": "shoe12-1", "action_flag": 2, "change_message": "[{\"changed\": {\"fields\": [\"Stock\"]}}]"}}, {"model": "admin.logentry", "pk": 62, "fields": {"action_time": "2022-09-21T12:25:36.256Z", "user": 1, "content_type": 13, "object_id": "5", "object_repr": "Gerald", "action_flag": 3, "change_message": ""}}, {"model": "admin.logentry", "pk": 63, "fields": {"action_time": "2022-09-21T12:25:36.304Z", "user": 1, "content_type": 13, "object_id": "4", "object_repr": "Gerald", "action_flag": 3, "change_message": ""}}, {"model": "admin.logentry", "pk": 64, "fields": {"action_time": "2022-09-21T12:25:36.315Z", "user": 1, "content_type": 13, "object_id": "3", "object_repr": "Gerald", "action_flag": 3, "change_message": ""}}, {"model": "admin.logentry", "pk": 65, "fields": {"action_time": "2022-09-21T12:25:36.328Z", "user": 1, "content_type": 13, "object_id": "2", "object_repr": "Gerald", "action_flag": 3, "change_message": ""}}, {"model": "admin.logentry", "pk": 66, "fields": {"action_time": "2022-09-21T12:25:36.345Z", "user": 1, "content_type": 13, "object_id": "1", "object_repr": "Gerald", "action_flag": 3, "change_message": ""}}, {"model": "admin.logentry", "pk": 67, "fields": {"action_time": "2022-09-22T20:43:57.099Z", "user": 1, "content_type": 17, "object_id": "1", "object_repr": "gerald", "action_flag": 1, "change_message": "[{\"added\": {}}]"}}, {"model": "admin.logentry", "pk": 68, "fields": {"action_time": "2022-09-23T14:39:01.842Z", "user": 1, "content_type": 17, "object_id": "1", "object_repr": "gerald", "action_flag": 2, "change_message": "[{\"changed\": {\"fields\": [\"Profile picture\"]}}]"}}, {"model": "admin.logentry", "pk": 69, "fields": {"action_time": "2022-09-23T14:57:39.955Z", "user": 1, "content_type": 7, "object_id": "16", "object_repr": "testuser1@gmail.com", "action_flag": 2, "change_message": "[{\"changed\": {\"fields\": [\"Is active\"]}}]"}}, {"model": "admin.logentry", "pk": 70, "fields": {"action_time": "2022-09-23T15:00:47.099Z", "user": 1, "content_type": 17, "object_id": "2", "object_repr": "TestName1", "action_flag": 2, "change_message": "[{\"changed\": {\"fields\": [\"Address line 1\", \"Profile picture\", \"City\", \"State\", \"Country\"]}}]"}}, {"model": "admin.logentry", "pk": 71, "fields": {"action_time": "2022-09-23T15:06:15.537Z", "user": 1, "content_type": 17, "object_id": "2", "object_repr": "TestName1", "action_flag": 2, "change_message": "[{\"changed\": {\"fields\": [\"Profile picture\"]}}]"}}, {"model": "admin.logentry", "pk": 72, "fields": {"action_time": "2022-09-23T22:04:43.819Z", "user": 1, "content_type": 7, "object_id": "16", "object_repr": "testuser1@gmail.com", "action_flag": 3, "change_message": ""}}, {"model": "admin.logentry", "pk": 73, "fields": {"action_time": "2022-09-23T22:06:39.521Z", "user": 1, "content_type": 7, "object_id": "17", "object_repr": "zeneli.g@yahoo.com", "action_flag": 2, "change_message": "[{\"changed\": {\"fields\": [\"Is active\"]}}]"}}, {"model": "admin.logentry", "pk": 74, "fields": {"action_time": "2022-09-23T22:07:54.784Z", "user": 1, "content_type": 7, "object_id": "17", "object_repr": "zeneli.g@yahoo.com", "action_flag": 3, "change_message": ""}}, {"model": "admin.logentry", "pk": 75, "fields": {"action_time": "2022-09-23T22:10:09.191Z", "user": 1, "content_type": 7, "object_id": "18", "object_repr": "zeneli.g@yahoo.com", "action_flag": 2, "change_message": "[{\"changed\": {\"fields\": [\"Is active\"]}}]"}}, {"model": "admin.logentry", "pk": 76, "fields": {"action_time": "2022-09-23T22:38:13.468Z", "user": 1, "content_type": 8, "object_id": "1", "object_repr": "shoe12-1", "action_flag": 2, "change_message": "[{\"changed\": {\"fields\": [\"Images\"]}}, {\"added\": {\"name\": \"productgallery\", \"object\": \"shoe12-1\"}}, {\"added\": {\"name\": \"productgallery\", \"object\": \"shoe12-1\"}}]"}}, {"model": "admin.logentry", "pk": 77, "fields": {"action_time": "2022-09-24T16:26:27.053Z", "user": 1, "content_type": 11, "object_id": "14", "object_repr": "medium", "action_flag": 1, "change_message": "[{\"added\": {}}]"}}, {"model": "auth.permission", "pk": 1, "fields": {"name": "Can add log entry", "content_type": 1, "codename": "add_logentry"}}, {"model": "auth.permission", "pk": 2, "fields": {"name": "Can change log entry", "content_type": 1, "codename": "change_logentry"}}, {"model": "auth.permission", "pk": 3, "fields": {"name": "Can delete log entry", "content_type": 1, "codename": "delete_logentry"}}, {"model": "auth.permission", "pk": 4, "fields": {"name": "Can view log entry", "content_type": 1, "codename": "view_logentry"}}, {"model": "auth.permission", "pk": 5, "fields": {"name": "Can add permission", "content_type": 2, "codename": "add_permission"}}, {"model": "auth.permission", "pk": 6, "fields": {"name": "Can change permission", "content_type": 2, "codename": "change_permission"}}, {"model": "auth.permission", "pk": 7, "fields": {"name": "Can delete permission", "content_type": 2, "codename": "delete_permission"}}, {"model": "auth.permission", "pk": 8, "fields": {"name": "Can view permission", "content_type": 2, "codename": "view_permission"}}, {"model": "auth.permission", "pk": 9, "fields": {"name": "Can add group", "content_type": 3, "codename": "add_group"}}, {"model": "auth.permission", "pk": 10, "fields": {"name": "Can change group", "content_type": 3, "codename": "change_group"}}, {"model": "auth.permission", "pk": 11, "fields": {"name": "Can delete group", "content_type": 3, "codename": "delete_group"}}, {"model": "auth.permission", "pk": 12, "fields": {"name": "Can view group", "content_type": 3, "codename": "view_group"}}, {"model": "auth.permission", "pk": 13, "fields": {"name": "Can add content type", "content_type": 4, "codename": "add_contenttype"}}, {"model": "auth.permission", "pk": 14, "fields": {"name": "Can change content type", "content_type": 4, "codename": "change_contenttype"}}, {"model": "auth.permission", "pk": 15, "fields": {"name": "Can delete content type", "content_type": 4, "codename": "delete_contenttype"}}, {"model": "auth.permission", "pk": 16, "fields": {"name": "Can view content type", "content_type": 4, "codename": "view_contenttype"}}, {"model": "auth.permission", "pk": 17, "fields": {"name": "Can add session", "content_type": 5, "codename": "add_session"}}, {"model": "auth.permission", "pk": 18, "fields": {"name": "Can change session", "content_type": 5, "codename": "change_session"}}, {"model": "auth.permission", "pk": 19, "fields": {"name": "Can delete session", "content_type": 5, "codename": "delete_session"}}, {"model": "auth.permission", "pk": 20, "fields": {"name": "Can view session", "content_type": 5, "codename": "view_session"}}, {"model": "auth.permission", "pk": 21, "fields": {"name": "Can add category", "content_type": 6, "codename": "add_category"}}, {"model": "auth.permission", "pk": 22, "fields": {"name": "Can change category", "content_type": 6, "codename": "change_category"}}, {"model": "auth.permission", "pk": 23, "fields": {"name": "Can delete category", "content_type": 6, "codename": "delete_category"}}, {"model": "auth.permission", "pk": 24, "fields": {"name": "Can view category", "content_type": 6, "codename": "view_category"}}, {"model": "auth.permission", "pk": 25, "fields": {"name": "Can add account", "content_type": 7, "codename": "add_account"}}, {"model": "auth.permission", "pk": 26, "fields": {"name": "Can change account", "content_type": 7, "codename": "change_account"}}, {"model": "auth.permission", "pk": 27, "fields": {"name": "Can delete account", "content_type": 7, "codename": "delete_account"}}, {"model": "auth.permission", "pk": 28, "fields": {"name": "Can view account", "content_type": 7, "codename": "view_account"}}, {"model": "auth.permission", "pk": 29, "fields": {"name": "Can add product", "content_type": 8, "codename": "add_product"}}, {"model": "auth.permission", "pk": 30, "fields": {"name": "Can change product", "content_type": 8, "codename": "change_product"}}, {"model": "auth.permission", "pk": 31, "fields": {"name": "Can delete product", "content_type": 8, "codename": "delete_product"}}, {"model": "auth.permission", "pk": 32, "fields": {"name": "Can view product", "content_type": 8, "codename": "view_product"}}, {"model": "auth.permission", "pk": 33, "fields": {"name": "Can add cart", "content_type": 9, "codename": "add_cart"}}, {"model": "auth.permission", "pk": 34, "fields": {"name": "Can change cart", "content_type": 9, "codename": "change_cart"}}, {"model": "auth.permission", "pk": 35, "fields": {"name": "Can delete cart", "content_type": 9, "codename": "delete_cart"}}, {"model": "auth.permission", "pk": 36, "fields": {"name": "Can view cart", "content_type": 9, "codename": "view_cart"}}, {"model": "auth.permission", "pk": 37, "fields": {"name": "Can add cart item", "content_type": 10, "codename": "add_cartitem"}}, {"model": "auth.permission", "pk": 38, "fields": {"name": "Can change cart item", "content_type": 10, "codename": "change_cartitem"}}, {"model": "auth.permission", "pk": 39, "fields": {"name": "Can delete cart item", "content_type": 10, "codename": "delete_cartitem"}}, {"model": "auth.permission", "pk": 40, "fields": {"name": "Can view cart item", "content_type": 10, "codename": "view_cartitem"}}, {"model": "auth.permission", "pk": 41, "fields": {"name": "Can add variation", "content_type": 11, "codename": "add_variation"}}, {"model": "auth.permission", "pk": 42, "fields": {"name": "Can change variation", "content_type": 11, "codename": "change_variation"}}, {"model": "auth.permission", "pk": 43, "fields": {"name": "Can delete variation", "content_type": 11, "codename": "delete_variation"}}, {"model": "auth.permission", "pk": 44, "fields": {"name": "Can view variation", "content_type": 11, "codename": "view_variation"}}, {"model": "auth.permission", "pk": 45, "fields": {"name": "Can add order product", "content_type": 12, "codename": "add_orderproduct"}}, {"model": "auth.permission", "pk": 46, "fields": {"name": "Can change order product", "content_type": 12, "codename": "change_orderproduct"}}, {"model": "auth.permission", "pk": 47, "fields": {"name": "Can delete order product", "content_type": 12, "codename": "delete_orderproduct"}}, {"model": "auth.permission", "pk": 48, "fields": {"name": "Can view order product", "content_type": 12, "codename": "view_orderproduct"}}, {"model": "auth.permission", "pk": 49, "fields": {"name": "Can add order", "content_type": 13, "codename": "add_order"}}, {"model": "auth.permission", "pk": 50, "fields": {"name": "Can change order", "content_type": 13, "codename": "change_order"}}, {"model": "auth.permission", "pk": 51, "fields": {"name": "Can delete order", "content_type": 13, "codename": "delete_order"}}, {"model": "auth.permission", "pk": 52, "fields": {"name": "Can view order", "content_type": 13, "codename": "view_order"}}, {"model": "auth.permission", "pk": 53, "fields": {"name": "Can add payment", "content_type": 14, "codename": "add_payment"}}, {"model": "auth.permission", "pk": 54, "fields": {"name": "Can change payment", "content_type": 14, "codename": "change_payment"}}, {"model": "auth.permission", "pk": 55, "fields": {"name": "Can delete payment", "content_type": 14, "codename": "delete_payment"}}, {"model": "auth.permission", "pk": 56, "fields": {"name": "Can view payment", "content_type": 14, "codename": "view_payment"}}, {"model": "auth.permission", "pk": 57, "fields": {"name": "Can add review rating", "content_type": 15, "codename": "add_reviewrating"}}, {"model": "auth.permission", "pk": 58, "fields": {"name": "Can change review rating", "content_type": 15, "codename": "change_reviewrating"}}, {"model": "auth.permission", "pk": 59, "fields": {"name": "Can delete review rating", "content_type": 15, "codename": "delete_reviewrating"}}, {"model": "auth.permission", "pk": 60, "fields": {"name": "Can view review rating", "content_type": 15, "codename": "view_reviewrating"}}, {"model": "auth.permission", "pk": 61, "fields": {"name": "Can add productgallery", "content_type": 16, "codename": "add_productgallery"}}, {"model": "auth.permission", "pk": 62, "fields": {"name": "Can change productgallery", "content_type": 16, "codename": "change_productgallery"}}, {"model": "auth.permission", "pk": 63, "fields": {"name": "Can delete productgallery", "content_type": 16, "codename": "delete_productgallery"}}, {"model": "auth.permission", "pk": 64, "fields": {"name": "Can view productgallery", "content_type": 16, "codename": "view_productgallery"}}, {"model": "auth.permission", "pk": 65, "fields": {"name": "Can add user profile", "content_type": 17, "codename": "add_userprofile"}}, {"model": "auth.permission", "pk": 66, "fields": {"name": "Can change user profile", "content_type": 17, "codename": "change_userprofile"}}, {"model": "auth.permission", "pk": 67, "fields": {"name": "Can delete user profile", "content_type": 17, "codename": "delete_userprofile"}}, {"model": "auth.permission", "pk": 68, "fields": {"name": "Can view user profile", "content_type": 17, "codename": "view_userprofile"}}, {"model": "auth.permission", "pk": 69, "fields": {"name": "Can add login attempt", "content_type": 18, "codename": "add_loginattempt"}}, {"model": "auth.permission", "pk": 70, "fields": {"name": "Can change login attempt", "content_type": 18, "codename": "change_loginattempt"}}, {"model": "auth.permission", "pk": 71, "fields": {"name": "Can delete login attempt", "content_type": 18, "codename": "delete_loginattempt"}}, {"model": "auth.permission", "pk": 72, "fields": {"name": "Can view login attempt", "content_type": 18, "codename": "view_loginattempt"}}, {"model": "contenttypes.contenttype", "pk": 1, "fields": {"app_label": "admin", "model": "logentry"}}, {"model": "contenttypes.contenttype", "pk": 2, "fields": {"app_label": "auth", "model": "permission"}}, {"model": "contenttypes.contenttype", "pk": 3, "fields": {"app_label": "auth", "model": "group"}}, {"model": "contenttypes.contenttype", "pk": 4, "fields": {"app_label": "contenttypes", "model": "contenttype"}}, {"model": "contenttypes.contenttype", "pk": 5, "fields": {"app_label": "sessions", "model": "session"}}, {"model": "contenttypes.contenttype", "pk": 6, "fields": {"app_label": "category", "model": "category"}}, {"model": "contenttypes.contenttype", "pk": 7, "fields": {"app_label": "accounts", "model": "account"}}, {"model": "contenttypes.contenttype", "pk": 8, "fields": {"app_label": "store", "model": "product"}}, {"model": "contenttypes.contenttype", "pk": 9, "fields": {"app_label": "carts", "model": "cart"}}, {"model": "contenttypes.contenttype", "pk": 10, "fields": {"app_label": "carts", "model": "cartitem"}}, {"model": "contenttypes.contenttype", "pk": 11, "fields": {"app_label": "store", "model": "variation"}}, {"model": "contenttypes.contenttype", "pk": 12, "fields": {"app_label": "orders", "model": "orderproduct"}}, {"model": "contenttypes.contenttype", "pk": 13, "fields": {"app_label": "orders", "model": "order"}}, {"model": "contenttypes.contenttype", "pk": 14, "fields": {"app_label": "orders", "model": "payment"}}, {"model": "contenttypes.contenttype", "pk": 15, "fields": {"app_label": "store", "model": "reviewrating"}}, {"model": "contenttypes.contenttype", "pk": 16, "fields": {"app_label": "store", "model": "productgallery"}}, {"model": "contenttypes.contenttype", "pk": 17, "fields": {"app_label": "accounts", "model": "userprofile"}}, {"model": "contenttypes.contenttype", "pk": 18, "fields": {"app_label": "admin_honeypot", "model": "loginattempt"}}, {"model": "sessions.session", "pk": "eqp53bqkuig1c1iqewknhzbm6nds6lr7", "fields": {"session_data": ".eJxVjDsOwyAQRO9CHSEMLOCU6X0GtMBucBJhyZ8qyt1jSy6Scua9mbeIuK01bgvNcSziKjpx-e0S5ie1A5QHtvsk89TWeUzyUORJFzlMhV630_07qLjUfW1dYGsw9C553wMniwpcBiDUe8ydY9DeG9SKVGa2kKwBxSZk7h2R-HwB0Jc3vA:1obqbV:rBbzj_uTDLRfy09omR21DlTv8Jm6d8WrbDkD3t2nAhg", "expire_date": "2022-10-07T21:53:01.511Z"}}, {"model": "sessions.session", "pk": "tekzhtokjnnnvgwci7eqh3bx5kml4qeh", "fields": {"session_data": "eyJfc2Vzc2lvbl9pbml0X3RpbWVzdGFtcF8iOjE2NjQxMDQ4NjUuNjQyMjkxM30:1ocPh3:D83Ii4GyaMRRCCc_O0rGprsEhWvZwtdTGPtnR281FyE", "expire_date": "2022-10-09T11:21:05.693Z"}}, {"model": "category.category", "pk": 1, "fields": {"category_name": "Accessories", "slug": "Accessories", "description": "Accessories", "cat_image": "photos/categories/1.jpg"}}, {"model": "category.category", "pk": 2, "fields": {"category_name": "Shoes", "slug": "shoes", "description": "Sport shoes", "cat_image": "photos/categories/12.jpg"}}, {"model": "category.category", "pk": 3, "fields": {"category_name": "Clothes", "slug": "clothes", "description": "Jeans category", "cat_image": "photos/categories/3.jpg"}}, {"model": "accounts.account", "pk": 1, "fields": {"password": "pbkdf2_sha256$216000$K6HQtcB3UvaR$vz5fvwnHYJDb1PbAClaGeFheA5s2aEP+aip7zeCSKXo=", "first_name": "gerald", "last_name": "zeneli", "username": "gerzen", "email": "grzeneli@gmail.com", "phone_number": "0676040781", "date_joined": "2022-09-12T12:13:02.269Z", "last_login": "2022-09-25T09:15:50.141Z", "is_admin": true, "is_staff": true, "is_active": true, "is_superadmin": true}}, {"model": "accounts.account", "pk": 15, "fields": {"password": "pbkdf2_sha256$216000$Hhw6GPOgZoMo$jxaAdguDrQOd4kYkXHhYPmZgXG2SXuGaMMfORK1SjKA=", "first_name": "Gerald", "last_name": "Zeneli", "username": "geraldzeneli", "email": "geraldzeneli@yahoo.it", "phone_number": "0676040781", "date_joined": "2022-09-17T17:20:47.371Z", "last_login": "2022-09-22T20:28:38.285Z", "is_admin": false, "is_staff": false, "is_active": true, "is_superadmin": false}}, {"model": "accounts.account", "pk": 18, "fields": {"password": "pbkdf2_sha256$216000$zVX1iRiX2nr2$bKmILAGqqHkzLbM8XxXqFHPnXV9rVj/9LiEJh6mOBTA=", "first_name": "Gerald", "last_name": "Zeneli", "username": "zeneli.g", "email": "zeneli.g@yahoo.com", "phone_number": "testuser1@gmail.com", "date_joined": "2022-09-23T22:09:47.132Z", "last_login": "2022-09-23T22:11:32.410Z", "is_admin": false, "is_staff": false, "is_active": true, "is_superadmin": false}}, {"model": "accounts.userprofile", "pk": 1, "fields": {"user": 1, "address_line_1": "Kongresi Manastirit", "address_line_2": "Oxhaku", "profile_picture": "userprofile/avatar2.jpg", "city": "Tirana", "state": "Albania", "country": "Albania"}}, {"model": "accounts.userprofile", "pk": 4, "fields": {"user": 18, "address_line_1": "", "address_line_2": "", "profile_picture": "default/default-user.png", "city": "", "state": "", "country": ""}}, {"model": "store.product", "pk": 1, "fields": {"product_name": "shoe12-1", "slug": "shoe12-1", "description": "Lorem Ipsum is simply dummy text of the printing and typesetting industry. Lorem Ipsum has been the industry's standard dummy text ever since the 1500s, when an unknown printer took a galley of type a", "price": 199, "images": "photos/products/12.jpg", "stock": 1, "is_available": true, "category": 2, "created_date": "2022-09-13T08:12:40.941Z", "modified_date": "2022-09-24T16:27:07.408Z"}}, {"model": "store.product", "pk": 2, "fields": {"product_name": "Blue T-Shirt", "slug": "blue-t-shirt", "description": "Blue T-Shirt", "price": 25, "images": "photos/products/1.jpg", "stock": 2, "is_available": true, "category": 3, "created_date": "2022-09-13T08:18:25.416Z", "modified_date": "2022-09-13T08:18:25.416Z"}}, {"model": "store.product", "pk": 3, "fields": {"product_name": "Brown Jacket", "slug": "brown-jacket", "description": "Lorem Ipsum is simply dummy text of the printing and test industry. Lorem Ipsum has been the industry's standard dummy text ever since the 1500s, when an unknown printer took a galley of type a", "price": 47, "images": "photos/products/2.jpg", "stock": 3, "is_available": true, "category": 3, "created_date": "2022-09-13T08:19:20.317Z", "modified_date": "2022-09-14T18:00:24.516Z"}}, {"model": "store.product", "pk": 4, "fields": {"product_name": "Short Jeans", "slug": "short-jeans", "description": "Lorem Ipsum is simply dummy text of the printing and typesetting industry. Lorem Ipsum has been the industry's standard dummy text ever since the 1500s, when an unknown printer took a galley of type a", "price": 18, "images": "photos/products/3.jpg", "stock": 3, "is_available": true, "category": 3, "created_date": "2022-09-13T08:19:50.578Z", "modified_date": "2022-09-24T16:27:07.321Z"}}, {"model": "store.product", "pk": 5, "fields": {"product_name": "School Backpack", "slug": "school-backpack", "description": "Lorem Ipsum is simply dummy text of the printing and typesetting industry. Lorem Ipsum has been the industry's standard dummy text ever since the 1500s, when an unknown printer took a galley of type a", "price": 29, "images": "photos/products/4.jpg", "stock": 8, "is_available": true, "category": 1, "created_date": "2022-09-13T08:20:25.276Z", "modified_date": "2022-09-13T08:20:25.276Z"}}, {"model": "store.product", "pk": 6, "fields": {"product_name": "Smart Watch", "slug": "smart-watch", "description": "Lorem Ipsum is simply dummy text of the printing and typesetting industry. Lorem Ipsum has been the industry's standard dummy text ever since the 1500s, when an unknown printer took a galley of type a", "price": 216, "images": "photos/products/7.jpg", "stock": 1, "is_available": true, "category": 1, "created_date": "2022-09-13T08:22:10.924Z", "modified_date": "2022-09-13T08:22:10.924Z"}}, {"model": "store.product", "pk": 7, "fields": {"product_name": "Camera", "slug": "camera", "description": "Lorem ipsum dolor sit amet, consectetur adipiscing elit. Curabitur sit amet rutrum sapien, at condimentum ante. Vivamus et felis lobortis, sagittis massa vitae, malesuada turpis. Aliquam erat volutpat", "price": 58, "images": "photos/products/11.jpg", "stock": 6, "is_available": true, "category": 1, "created_date": "2022-09-14T14:03:26.882Z", "modified_date": "2022-09-14T14:03:26.883Z"}}, {"model": "store.product", "pk": 8, "fields": {"product_name": "Black Headphones", "slug": "black-headphones", "description": "Lorem ipsum dolor sit amet, consectetur adipiscing elit. Curabitur sit amet rutrum sapien, at condimentum ante. Vivamus et felis lobortis, sagittis massa vitae, malesuada turpis. Aliquam erat test", "price": 88, "images": "photos/products/9.jpg", "stock": 8, "is_available": true, "category": 1, "created_date": "2022-09-14T14:04:29.417Z", "modified_date": "2022-09-14T18:00:06.918Z"}}, {"model": "store.product", "pk": 9, "fields": {"product_name": "White Headphones", "slug": "white-headphones", "description": "Lorem ipsum dolor sit amet, consectetur adipiscing elit. Curabitur sit amet rutrum sapien, at condimentum ante. Vivamus et felis lobortis, sagittis massa vitae, malesuada turpis. Aliquam erat volutpat", "price": 99, "images": "photos/products/8.jpg", "stock": 3, "is_available": true, "category": 1, "created_date": "2022-09-14T14:04:57.964Z", "modified_date": "2022-09-14T14:04:57.964Z"}}, {"model": "store.variation", "pk": 1, "fields": {"product": 4, "variation_category": "color", "variation_value": "blue", "is_active": true, "created_date": "2022-09-15T08:59:31.907Z"}}, {"model": "store.variation", "pk": 2, "fields": {"product": 4, "variation_category": "color", "variation_value": "green", "is_active": true, "created_date": "2022-09-15T12:52:11.749Z"}}, {"model": "store.variation", "pk": 3, "fields": {"product": 4, "variation_category": "color", "variation_value": "yellow", "is_active": true, "created_date": "2022-09-15T09:00:01.391Z"}}, {"model": "store.variation", "pk": 6, "fields": {"product": 4, "variation_category": "size", "variation_value": "small", "is_active": true, "created_date": "2022-09-15T10:10:08.132Z"}}, {"model": "store.variation", "pk": 7, "fields": {"product": 1, "variation_category": "color", "variation_value": "black", "is_active": true, "created_date": "2022-09-15T12:51:02.468Z"}}, {"model": "store.variation", "pk": 8, "fields": {"product": 1, "variation_category": "color", "variation_value": "gray", "is_active": true, "created_date": "2022-09-15T12:51:12.036Z"}}, {"model": "store.variation", "pk": 9, "fields": {"product": 1, "variation_category": "color", "variation_value": "white", "is_active": true, "created_date": "2022-09-15T12:51:20.384Z"}}, {"model": "store.variation", "pk": 10, "fields": {"product": 1, "variation_category": "size", "variation_value": "39", "is_active": true, "created_date": "2022-09-15T12:51:37.985Z"}}, {"model": "store.variation", "pk": 11, "fields": {"product": 1, "variation_category": "size", "variation_value": "40", "is_active": true, "created_date": "2022-09-15T12:51:45.812Z"}}, {"model": "store.variation", "pk": 12, "fields": {"product": 1, "variation_category": "size", "variation_value": "41", "is_active": true, "created_date": "2022-09-15T12:51:55.443Z"}}, {"model": "store.variation", "pk": 13, "fields": {"product": 1, "variation_category": "size", "variation_value": "42", "is_active": true, "created_date": "2022-09-15T12:52:03.034Z"}}, {"model": "store.variation", "pk": 14, "fields": {"product": 4, "variation_category": "size", "variation_value": "medium", "is_active": true, "created_date": "2022-09-24T16:26:27.048Z"}}, {"model": "store.reviewrating", "pk": 1, "fields": {"product": 1, "user": 1, "subject": "subj", "review": "test review", "rating": 5.0, "ip": "127.0.0.1", "status": true, "created_at": "2022-09-21T09:16:08.961Z", "updated_at": "2022-09-23T14:39:51.389Z"}}, {"model": "store.reviewrating", "pk": 2, "fields": {"product": 1, "user": 15, "subject": "test", "review": "test review", "rating": 2.0, "ip": "127.0.0.1", "status": true, "created_at": "2022-09-21T10:30:34.781Z", "updated_at": "2022-09-21T10:32:06.301Z"}}, {"model": "store.productgallery", "pk": 1, "fields": {"product": 1, "image": "store/products/12-1.jpg"}}, {"model": "store.productgallery", "pk": 2, "fields": {"product": 1, "image": "store/products/12-2.jpg"}}, {"model": "carts.cart", "pk": 3, "fields": {"cart_id": "xocnrpy76trvsh63gebe6hc3vliwr0da", "date_added": "2022-09-19"}}, {"model": "carts.cartitem", "pk": 26, "fields": {"user": null, "product": 1, "cart": 3, "quantity": 1, "is_active": true, "variations": [8, 10]}}, {"model": "carts.cartitem", "pk": 27, "fields": {"user": null, "product": 1, "cart": 3, "quantity": 2, "is_active": true, "variations": [7, 11]}}, {"model": "orders.payment", "pk": 1, "fields": {"user": 1, "payment_id": "7R002218RF2521949", "payment_method": "PayPal", "amount_paid": "811.92", "status": "COMPLETED", "created_at": "2022-09-19T23:01:56.212Z"}}, {"model": "orders.payment", "pk": 2, "fields": {"user": 1, "payment_id": "8XG757631R438270A", "payment_method": "PayPal", "amount_paid": "2638.74", "status": "COMPLETED", "created_at": "2022-09-20T07:34:17.997Z"}}, {"model": "orders.payment", "pk": 3, "fields": {"user": 1, "payment_id": "55X556030D597101G", "payment_method": "PayPal", "amount_paid": "202.98", "status": "COMPLETED", "created_at": "2022-09-20T07:40:16.212Z"}}, {"model": "orders.payment", "pk": 4, "fields": {"user": 1, "payment_id": "25L5821114463951V", "payment_method": "PayPal", "amount_paid": "202.98", "status": "COMPLETED", "created_at": "2022-09-20T09:29:04.903Z"}}, {"model": "orders.payment", "pk": 5, "fields": {"user": 1, "payment_id": "9RT65051H4768322S", "payment_method": "PayPal", "amount_paid": "202.98", "status": "COMPLETED", "created_at": "2022-09-21T20:58:19.318Z"}}, {"model": "orders.payment", "pk": 6, "fields": {"user": 15, "payment_id": "52N23788WU700592T", "payment_method": "PayPal", "amount_paid": "405.96", "status": "COMPLETED", "created_at": "2022-09-22T14:28:59.645Z"}}, {"model": "orders.payment", "pk": 7, "fields": {"user": 15, "payment_id": "85081873KX0525251", "payment_method": "PayPal", "amount_paid": "608.94", "status": "COMPLETED", "created_at": "2022-09-22T20:32:19.370Z"}}, {"model": "orders.payment", "pk": 8, "fields": {"user": 1, "payment_id": "3U873837HC626344J", "payment_method": "PayPal", "amount_paid": "258.06", "status": "COMPLETED", "created_at": "2022-09-24T16:27:07.174Z"}}, {"model": "orders.order", "pk": 6, "fields": {"user": 1, "payment": 5, "order_number": "202209216", "first_name": "Gerald", "last_name": "Zeneli", "phone": "0676040781", "email": "geraldzeneli@yahoo.it", "address_line_1": "Kongresi Manastirit", "address_line_2": "Oxhaku", "country": "Albania", "state": "Albania", "city": "Tirana", "order_note": "", "order_total": 202.98, "tax": 3.98, "status": "New", "ip": "127.0.0.1", "is_ordered": true, "created_at": "2022-09-21T20:57:57.169Z", "updated_at": "2022-09-21T20:58:19.332Z"}}, {"model": "orders.order", "pk": 7, "fields": {"user": 15, "payment": 6, "order_number": "202209227", "first_name": "Gerald", "last_name": "Zeneli", "phone": "0676040781", "email": "geraldzeneli@yahoo.it", "address_line_1": "Kongresi Manastirit", "address_line_2": "Oxhaku", "country": "Albania", "state": "Albania", "city": "Tirana", "order_note": "", "order_total": 405.96, "tax": 7.96, "status": "New", "ip": "127.0.0.1", "is_ordered": true, "created_at": "2022-09-22T14:28:28.881Z", "updated_at": "2022-09-22T14:28:59.696Z"}}, {"model": "orders.order", "pk": 8, "fields": {"user": 15, "payment": 7, "order_number": "202209228", "first_name": "TestName1", "last_name": "TestLastName1", "phone": "0676040781", "email": "testuser1@gmail.com", "address_line_1": "Kongresi Manastirit", "address_line_2": "Oxhaku", "country": "Albania", "state": "Albania", "city": "Tirana", "order_note": "", "order_total": 608.94, "tax": 11.94, "status": "New", "ip": "127.0.0.1", "is_ordered": true, "created_at": "2022-09-22T20:31:53.869Z", "updated_at": "2022-09-22T20:32:19.397Z"}}, {"model": "orders.order", "pk": 9, "fields": {"user": 1, "payment": 8, "order_number": "202209249", "first_name": "Gerald", "last_name": "Zeneli", "phone": "0676040781", "email": "geraldzeneli@yahoo.it", "address_line_1": "Kongresi Manastirit", "address_line_2": "Oxhaku", "country": "Albania", "state": "Albania", "city": "Tirana", "order_note": "", "order_total": 258.06, "tax": 5.06, "status": "New", "ip": "127.0.0.1", "is_ordered": true, "created_at": "2022-09-24T16:26:41.304Z", "updated_at": "2022-09-24T16:27:07.228Z"}}, {"model": "orders.orderproduct", "pk": 6, "fields": {"order": 6, "payment": 5, "user": 1, "product": 1, "quantity": 1, "product_price": 199.0, "ordered": true, "created_at": "2022-09-21T20:58:19.353Z", "updated_at": "2022-09-21T20:58:19.396Z", "variations": [8, 11]}}, {"model": "orders.orderproduct", "pk": 7, "fields": {"order": 7, "payment": 6, "user": 15, "product": 1, "quantity": 2, "product_price": 199.0, "ordered": true, "created_at": "2022-09-22T14:28:59.716Z", "updated_at": "2022-09-22T14:28:59.765Z", "variations": [7, 13]}}, {"model": "orders.orderproduct", "pk": 8, "fields": {"order": 8, "payment": 7, "user": 15, "product": 1, "quantity": 3, "product_price": 199.0, "ordered": true, "created_at": "2022-09-22T20:32:19.414Z", "updated_at": "2022-09-22T20:32:19.448Z", "variations": [8, 10]}}, {"model": "orders.orderproduct", "pk": 9, "fields": {"order": 9, "payment": 8, "user": 1, "product": 4, "quantity": 3, "product_price": 18.0, "ordered": true, "created_at": "2022-09-24T16:27:07.253Z", "updated_at": "2022-09-24T16:27:07.299Z", "variations": [1, 6]}}, {"model": "orders.orderproduct", "pk": 10, "fields": {"order": 9, "payment": 8, "user": 1, "product": 1, "quantity": 1, "product_price": 199.0, "ordered": true, "created_at": "2022-09-24T16:27:07.351Z", "updated_at": "2022-09-24T16:27:07.394Z", "variations": [7, 10]}}, {"model": "admin_honeypot.loginattempt", "pk": 1, "fields": {"username": "grzeneli@gmail.com", "ip_address": "127.0.0.1", "session_key": "oej73e8ts58t3p7zkgzsy6y1dznt5nnd", "user_agent": "Mozilla/5.0 (Windows NT 10.0; Win64; x64) AppleWebKit/537.36 (KHTML, like Gecko) Chrome/105.0.0.0 Safari/537.36", "timestamp": "2022-09-24T16:37:23.110Z", "path": "/admin/login/?next=/admin/"}}]